time,r1_x,r1_y,r2_x,r2_y,r3_x,r3_y
0.17998075485229492,0.0027256233204743935,2.0762378294473053e-05,4.002716233851862,8.000020707090412,-7.997279071413918,-5.999979265266484
0.28035545349121094,0.002727970687651897,2.0776200660328474e-05,4.002718581218977,8.000020720912126,-7.9972767240467695,-5.999979251444445
0.3799731731414795,0.0027303180548444855,2.0790023190122707e-05,4.0027209285861085,8.000020734734,-7.997274376679608,-5.999979237622247
0.4815235137939453,0.00273266542205218,2.0803845884190337e-05,4.002723275953256,8.000020748556036,-7.997272029312427,-5.999979223799882
0.5803883075714111,0.0027350127892750223,2.081766874224473e-05,4.002725623320419,8.000020762378234,-7.997269681945234,-5.999979209977354
0.6800694465637207,0.002737125419788468,2.083010945475547e-05,4.0027279706876,8.0000207762006,-7.997267334578026,-5.999979196154659
0.7800717353820801,0.0027394727870400024,2.0843932624464306e-05,4.002730318054791,8.00002079002313,-7.997264987210803,-5.999979182331803
0.880234956741333,0.002741820154306629,2.085775595824435e-05,4.002732665422001,8.000020803845825,-7.997262639843564,-5.999979168508782
0.9802024364471436,0.0027441675215883823,2.087157945615216e-05,4.002735012789227,8.000020817668686,-7.9972602924763105,-5.999979154685598
1.0801396369934082,0.002746514888885221,2.0885403118026502e-05,4.002737360156463,8.000020831491707,-7.997257945109042,-5.999979140862246
1.180192232131958,0.0027488622561971793,2.0899226943892492e-05,4.002739707523715,8.000020845314893,-7.997255597741759,-5.99997912703873
1.2799983024597168,0.0027512096235242714,2.091305093386774e-05,4.002742054890983,8.000020859138242,-7.99725325037446,-5.999979113215053
1.3800804615020752,0.0027535569908664834,2.092687508759538e-05,4.002744402258266,8.000020872961755,-7.997250903007147,-5.999979099391213
1.4802229404449463,0.002755904358223829,2.0940699405419e-05,4.002746749625565,8.000020886785435,-7.9972485556398185,-5.999979085567209
1.580035924911499,0.002758251725596274,2.09545238873247e-05,4.00274909699288,8.000020900609275,-7.997246208272472,-5.999979071743037
1.6806378364562988,0.0027605990929838106,2.0968348533258623e-05,4.002751444360206,8.00002091443328,-7.997243860905116,-5.999979057918703
1.7800753116607666,0.0027629464603864604,2.098217334331492e-05,4.002753791727553,8.00002092825745,-7.997241513537741,-5.999979044094208
1.8800973892211914,0.0027652938278042508,2.099599831741791e-05,4.002756139094909,8.00002094208179,-7.9972391661703535,-5.999979030269548
1.980098009109497,0.0027676411952371124,2.1009823455560482e-05,4.002758486462283,8.000020955906294,-7.99723681880295,-5.999979016444721
2.080089569091797,0.002769988562685101,2.1023648757887918e-05,4.002760833829672,8.000020969730956,-7.99723447143553,-5.999979002619729
2.1800496578216553,0.002772335930148216,2.1037474224176098e-05,4.002763181197073,8.000020983555778,-7.997232124068097,-5.999978988794575
2.280019998550415,0.0027746832976263958,2.1051299854661418e-05,4.002765528564492,8.000020997380766,-7.997229776700648,-5.999978974969258
2.3801887035369873,0.00277703066511973,2.1065125649259517e-05,4.002767875931926,8.000021011205922,-7.997227429333184,-5.999978961143777
2.4800312519073486,0.002779378032628156,2.1078951607929002e-05,4.002770223299375,8.00002102503124,-7.997225081965705,-5.999978947318128
2.580488443374634,0.002781725400151709,2.1092777730566686e-05,4.002772335930091,8.000021037474164,-7.997222734598211,-5.999978933492317
2.680773973464966,0.002784072767690375,2.1106604017345957e-05,4.002774918034319,8.00002105268237,-7.997220387230699,-5.999978919666343
2.7802186012268066,0.002786420135244126,2.1120430467980978e-05,4.002777265401812,8.00002106650818,-7.997218039863176,-5.999978905840206
2.8801815509796143,0.00278876750281299,2.1134257082767005e-05,4.002779612769322,8.000021080334156,-7.9972156924956375,-5.999978892013904
2.9802350997924805,0.002791114870396981,2.1148083861641174e-05,4.002781960136844,8.000021094160296,-7.997213345128082,-5.999978878187436
3.0803163051605225,0.002793462237996064,2.1161910804431492e-05,4.002784307504383,8.000021107986594,-7.9972109977605115,-5.999978864360806
3.1804869174957275,0.0027958096056102666,2.117573791130776e-05,4.002786654871938,8.000021121813061,-7.997208650392924,-5.99997885053401
3.28059983253479,0.002798156973239603,2.118956518244065e-05,4.002789002239509,8.000021135639694,-7.997206303025323,-5.999978836707053
3.380187511444092,0.002749799110729749,2.2170226060927965e-05,4.002738919242925,8.000020077327113,-7.992627908942545,-5.999982169395258
3.4803009033203125,0.002817099948339022,2.173903280139073e-05,4.002805153059905,8.000020753389359,-7.9444573077762115,-5.999476306826189
3.5804097652435303,0.0028205079276827083,2.2264518386966303e-05,4.002808556276391,8.000020246216632,-7.886840962504125,-5.9969813527809
3.6801204681396484,0.0028238247168293346,2.309231898161429e-05,4.002811866473901,8.000019435878738,-7.82247495702676,-5.992205778512024
3.7800097465515137,0.0028270174428215583,2.4207044985666282e-05,4.0028150522480255,8.000018337408312,-7.748567939223973,-5.9853454011187015
3.8800716400146484,0.0028300590069508316,2.559023064451979e-05,4.002818088124626,8.000016968649692,-7.6895412481144145,-5.978024493794614
3.980149507522583,0.002832928712521679,2.7222389390662433e-05,4.002820954970394,8.00001534829626,-7.630619915621873,-5.969554071066162
4.080408096313477,0.0028356118032798333,2.9084993688581473e-05,4.002823639373054,8.00001349406558,-7.571722229212838,-5.960101931310008
4.180065631866455,0.0028380979396340836,3.116184024774815e-05,4.002826132007533,8.000011421490857,-7.51287319804939,-5.949813116101575
4.280115842819214,0.0028403790361207007,3.343940592253486e-05,4.002828425366162,8.000009143682329,-7.45408621216452,-5.938811469689618
4.380265474319458,0.00284244712909916,3.590614346172388e-05,4.002830511494327,8.0000066721099,-7.395367112301771,-5.927202638464353
4.480220079421997,0.002844292861753646,3.855101417293144e-05,4.002832380361657,8.000004018141938,-7.336716826833875,-5.915076625021844
4.580296277999878,0.0028459048390357955,4.1361706530268494e-05,4.002834019228138,8.000001194910428,-7.278133703052648,-5.902509917916189
4.680173873901367,0.0028472697929189834,4.432293370883883e-05,4.002835413030848,7.999998219075211,-7.21961506599355,-5.889564223894536
4.78009033203125,0.0028483733878447402,4.74150924836686e-05,4.00283654559176,7.999995112126963,-7.161154794440417,-5.876293948256147
4.880198240280151,0.0028492015069238198,5.061350201494147e-05,4.002837401340477,7.999991900950888,-7.10274724915306,-5.862747494491589
4.980059385299683,0.0028497418331036636,5.3888376813575334e-05,4.0028379671948695,7.999988617511161,-7.0443869035781015,-5.848966289346775
5.080032587051392,0.0028499854644634046,5.720556563724999e-05,4.0028382342416275,7.999985297712524,-6.986068423955412,-5.834985513774821
5.180038213729858,0.0024205000931219202,0.007450164230410575,4.002838196684192,7.999981838982223,-6.92778680891634,-5.820835035098438
5.280058145523071,-0.001668870549540116,0.04235336697626421,4.002837846046328,7.999978392491867,-6.869537505516789,-5.806540181507267
5.380088567733765,-0.01112589427546229,0.08620254173781125,4.001091525067598,7.993083993465723,-6.811317123493413,-5.792121281298359
5.480030298233032,-0.024615036522232837,0.1284759134049548,3.990955582308319,7.960879254835147,-6.753125722433441,-5.777585440076246
5.580251216888428,-0.04328534308532449,0.1721190163832072,3.974111479568923,7.920160433104627,-6.694963944959723,-5.762931492697613
5.680121421813965,-0.06720104566192704,0.21647461452757527,3.953568208193755,7.882511563392658,-6.636828684103083,-5.748169155949098
5.780217170715332,-0.09590758112814038,0.2612258561489904,3.926936471560564,7.843554279060102,-6.578699714696682,-5.73337966181266
5.880200624465942,-0.12843184207374525,0.30479812650625193,3.8950113058899394,7.8050166152746945,-6.5205554511361505,-5.718580182274203
5.980043172836304,-0.16444360196020816,0.34738915460752146,3.85794083098784,7.767040979425944,-6.462436986873135,-5.703685468150048
6.080070734024048,-0.2034713043274091,0.38890241962694955,3.817056377231829,7.730504343978951,-6.40434727285673,-5.688678348805292
6.180023431777954,-0.2447269779719048,0.4291283223699511,3.772963081645755,7.695350411114394,-6.346285499281718,-5.673562176523498
6.280184745788574,-0.28790032000453786,0.46801223414293863,3.7262582492411247,7.661616659208023,-6.2882512882958785,-5.658339812781104
6.380080461502075,-0.3326268233826379,0.505523540858926,3.677712760961972,7.629318392329058,-6.2302446174784585,-5.64301261966075
6.480106353759766,-0.3787176046356831,0.541733658401455,3.627779256648644,7.598409069038646,-6.172265730251107,-5.627580794393816
6.5800817012786865,-0.4260118564848315,0.5766808287233467,3.5767716098750153,7.568785779476539,-6.11431508078165,-5.612043665562953
6.680050373077393,-0.4743721620934539,0.610400811544557,3.52482904481233,7.540326682834737,-6.0563771210805655,-5.596397944133601
6.780197381973267,-0.5236837123322612,0.6429282090328943,3.4721328415750037,7.512890839867883,-5.998481835523,-5.5806439086784945
6.880218029022217,-0.5738500010802401,0.6742937031557877,3.4188185303436267,7.486379895057634,-5.940620244151668,-5.56478039033015
6.98004150390625,-0.6235401824462123,0.7037559321550534,3.3649890178089388,7.460701500395813,-5.882790009052989,-5.548803986170399
7.080144166946411,-0.6701324877521371,0.7299290632252347,3.310726434475722,7.435772021570681,-5.824992127674293,-5.5327119820328035
7.1800291538238525,-0.7134318767638422,0.7530513930721073,3.256096716823464,7.4115161811891355,-5.767227458716129,-5.516501910075957
7.280004978179932,-0.7536142952177699,0.773423378836751,3.2011535425952937,7.387865521542691,-5.7094963743035905,-5.500172733470739
7.380052328109741,-0.7909293279462326,0.7913906962253157,3.145941633546574,7.364757986851936,-5.651798810618683,-5.483725037507035
7.480226039886475,-0.8254821005973322,0.8071952844423947,3.0904985276632155,7.342137502911897,-5.594134349607943,-5.46716076295004
7.580059289932251,-0.8574583088506235,0.8210925176564298,3.034855859613407,7.319953584390711,-5.5364878966912645,-5.450479387878928
7.680050373077393,-0.8870799587480531,0.833331644126039,2.9790403742165728,7.298160859004118,-5.478882731147545,-5.433691059641541
7.779998540878296,-0.9145091481444194,0.8441003991585525,2.923074777873757,7.276718611172597,-5.4213104122504525,-5.416805033223669
7.880040645599365,-0.9398471131782511,0.8535391319524754,2.86697841902528,7.255590364486912,-5.363745966224197,-5.399892092023253
7.980041027069092,-0.9633123693218029,0.8618252412782036,2.8107678235385265,7.234743485806403,-5.306207165182289,-5.3828929870784465
8.080354690551758,-0.9850181400816539,0.8690845113539645,2.75445717696333,7.214148729029233,-5.248665616404919,-5.365798108429638
8.180027723312378,-1.0049950493473934,0.8754109012240132,2.698058701520654,7.193779941071155,-5.191071168431189,-5.3486946622704865
8.280040264129639,-1.023503030060697,0.8809497077869912,2.641582942666861,7.173613736798703,-5.133473400455687,-5.3315906380734885
8.380274295806885,-1.040531073065332,0.8857605100032887,2.585039049625019,7.15362914482512,-5.075894146902193,-5.314400346127217
8.480212450027466,-1.056235337807539,0.8899393002595284,2.52843499529098,7.133807362097674,-5.018379461459821,-5.297111889866342
8.580352783203125,-1.0692404028850546,0.8930816770262469,2.4717777362490034,7.114131555979439,-4.9609321509118836,-5.279803731428685
8.680187702178955,-1.0695326323351202,0.8930893222612885,2.4150733446650623,7.094586670297307,-4.903487455532867,-5.26248786880855
8.78006386756897,-1.069535803211544,0.8930905746097952,2.358329831523009,7.075150891663529,-4.846065800593732,-5.245095500243362
8.880058765411377,-1.0695388016319272,0.8930920885198986,2.301577941490864,7.055735949550317,-4.7886490833861215,-5.227684566804662
8.980191946029663,-1.069541613325262,0.8930938434297203,2.2448256776337363,7.036321241299313,-4.73123207660146,-5.210273815069305
9.08026671409607,-1.0695442284942105,0.8930958210883669,2.1880732976477453,7.016906854379163,-4.673815003416011,-5.192863275967866
9.180196046829224,-1.0695466400618365,0.8930980062398428,2.131320801551268,6.997492788263024,-4.616397870040722,-5.175452923034742
9.280119180679321,-1.0695488415365388,0.8931003863383149,2.0745681893297756,6.978079042532047,-4.558980681195352,-5.15804273584449
9.380008935928345,-1.0695508251299022,0.8931029503540356,2.0178154609414523,6.958665616850498,-4.501563440446387,-5.140632698627348
9.48003625869751,-1.069552580617212,0.8931056869731652,1.9610626163215115,6.939252510946494,-4.444130638746531,-5.123220163241605
9.580406188964844,-1.0695540951447429,0.893108582592518,1.9043096553300303,6.9198397245780345,-4.38671290980238,-5.105811640161135
9.680113554000854,-1.0695553539434433,0.8931116195231249,1.8475565778007774,6.900427257537218,-4.3292951062364065,-5.088403365234163
9.779988527297974,-1.069556341756326,0.8931147747961998,1.7908033836317543,6.881015109671553,-4.271877234251329,-5.07099530328546
9.880705833435059,-1.0695570446749807,0.8931180198636367,1.7340500726717256,6.861603280837606,-4.214459299999519,-5.053587427611403
9.98044729232788,-1.0695574520047157,0.8931213212686167,1.6772966447735476,6.842191770913447,-4.157041308140177,-5.036179717598554
10.080487728118896,-1.0695575575836351,0.8931247039564206,1.6262184596511757,6.824721684592129,-4.099623262149931,-5.018772157319256
10.180442571640015,-1.069557353157134,0.8931281773028253,1.5637894374479815,6.803369707338037,-4.042189723135329,-5.001362040782381
10.280196905136108,-1.0695568379600184,0.8931315891110284,1.5127110409785023,6.785900194552733,-3.9847711856171464,-4.983955989589809
10.380380630493164,-1.069556023429546,0.893134905381973,1.4502817598357993,6.7645489180042855,-3.927352570300809,-4.9665501868370265
10.48022198677063,-1.069554925657981,0.8931380940670656,1.3935277440323102,6.745139000893829,-3.8699338836479105,-4.9491445971398
10.580333709716797,-1.0695535634554825,0.8931411293662582,1.3367736098833198,6.72572940201105,-3.8125151316969306,-4.931739193538493
10.680481195449829,-1.0695519561751874,0.8931439923214005,1.2800193570951501,6.706320121241609,-3.7550963189502093,-4.914333955201533
10.780609607696533,-1.0683681706031178,0.8946540949530402,1.2232649853539828,6.686911158466921,-3.6976774487156527,-4.896928866018753
10.880216360092163,-1.062944958660831,0.9011932387393699,1.1721859551268754,6.669443365914033,-3.645984972069198,-4.881261584425759
10.980148315429688,-1.0563396745466582,0.9076838136753496,1.1154314971696169,6.650035055096883,-3.588565742447459,-4.863858010502523
11.080227613449097,-1.048877349791214,0.9136545659603194,1.0586757639329871,6.63063170577569,-3.5311468045568515,-4.846454802603171
11.18022608757019,-1.0485568789998267,0.9138896287801834,1.0018953310135956,6.611301283534542,-3.473728169242304,-4.829051925384822
11.28010368347168,-1.0480910206206442,0.9143226478148213,0.9451058276572103,6.591996058715212,-3.4163097581422077,-4.811649325322816
11.380069017410278,-1.047762736169338,0.9147814687707325,0.8883160041599669,6.572691083264149,-3.3588913686260953,-4.794246918039307
11.480036497116089,-1.0477610252204703,0.914784118626851,0.8315260917521998,6.553386435425452,-3.3014596026323617,-4.776830124777969
11.580345630645752,-1.0477595596145717,0.9147870101160969,0.774736100878628,6.534082118703649,-3.2440029185766726,-4.759292793042936
11.680141925811768,-1.0477583498699683,0.9147900436019148,0.7179460094959856,6.514778125566624,-3.1865485238142064,-4.7417191864265575
11.780171394348145,-1.0477574108482262,0.91479319641167,0.6611558247668559,6.495474458419473,-3.1290955836387515,-4.724139130455786
11.8802170753479,-1.0477567559190477,0.9147964407081592,0.6043655516051809,6.476171118908897,-3.0716431691101835,-4.706551838298095
11.980109930038452,-1.047756395427392,0.9147997439405702,0.5475751923090263,6.456868107796908,-3.014194082526298,-4.688959177950297
12.08022952079773,-1.047756335143952,0.914803138864941,0.49078474946977335,6.437565425948802,-2.9567467102260965,-4.671360148682251
12.180161237716675,-1.0477565855094981,0.9148066200479071,0.4339942180959805,6.41826307165623,-2.8992998597420527,-4.653753881856542
12.280472993850708,-1.0477571459213335,0.9148100429234265,0.37720359738839887,6.398961044634748,-2.8418563336306875,-4.636142246410152
12.380202054977417,-1.04775800510181,0.914813371921172,0.32041291879655553,6.379659355566739,-2.7844145342202147,-4.618524246141811
12.480276584625244,-1.0477591468261096,0.9148165735197196,0.2636221698290102,6.360358000197963,-2.72697325828016,-4.600899008633797
12.580207109451294,-1.0477605518877455,0.9148196202206222,0.20683135494861474,6.341056980038413,-2.669535307375589,-4.58326840336479
12.6801598072052,-1.0477622003602831,0.9148224913339545,0.1500404791362162,6.321756296774796,-2.612099067041588,-4.565631428655669
12.780120611190796,-1.0477640738112517,0.9148251725662464,0.09324954812738329,6.30245595235077,-2.5546633470805973,-4.547987215554716
12.880059242248535,-1.0477661568293553,0.9148276543765225,0.03645856851620628,6.283155949002084,-2.497230947904056,-4.5303376340389425
12.980157613754272,-1.0477684373390699,0.914829929505384,-0.02033245211624502,6.2638562893000636,-2.4398002554094966,-4.512681682188546
13.080337285995483,-1.0504555364316066,0.9169207765748525,-0.07712350495817107,6.244556976234353,-2.382370078387502,-4.495018490233223
13.18017578125,-1.0582684729127796,0.9219651235997881,-0.13391609596447754,6.225262672894979,-2.3249432638110723,-4.477349943357688
13.280210018157959,-1.0584844722585394,0.9221140608397405,-0.1907352634903696,6.2060491285592745,-2.2675187130503165,-4.459675197980495
13.380104541778564,-1.0584869067655398,0.9221162012796058,-0.24759269463268072,6.186949997667302,-2.2100954892636953,-4.441993461387481
13.480035305023193,-1.0584891370045404,0.922118540261806,-0.304484692283251,6.167950415666526,-2.1526757824292764,-4.4243064182213185
13.580078125,-1.0584911545993456,0.9221210669292693,-0.3613839943800562,6.14896996117707,-2.0952578731519913,-4.406613033507846
13.680074453353882,-1.0584929488921042,0.9221237701838699,-0.4182834949250327,6.1299897954997205,-2.0378405987271146,-4.388912445304377
13.780232906341553,-1.0584945066271785,0.9221266367308569,-0.47518294992511234,6.111009999880368,-1.9804267743215902,-4.371206530731269
13.880204439163208,-1.05849581258666,0.9221296493207926,-0.5320823279857358,6.092030584679731,-1.9230147988401476,-4.353494290830167
13.980111837387085,-1.058496850957592,0.9221327855513834,-0.5889815877226734,6.073051563613306,-1.8656035014349908,-4.3357748606573185
14.080107688903809,-1.0584976071199799,0.9221360174967411,-0.6458806734065264,6.054072955198387,-1.808195702892128,-4.318050119943803
14.180152416229248,-1.058498069493447,0.9221393122557214,-0.702782344238732,6.035103219869346,-1.7507898148249492,-4.300319073321174
14.280122518539429,-1.0584982310615396,0.9221426422524461,-0.7583603021033204,6.016744978044197,-1.693384684078744,-4.282580860848421
14.380068063735962,-1.0584980846255574,0.9221461358754062,-0.8089424294507181,6.000172270191531,-1.6359831847776876,-4.26483737965569
14.480019807815552,-1.0584976261985746,0.9221495619325546,-0.8532226716711889,5.985642734792303,-1.5800819862883329,-4.247586733275339
14.580060958862305,-1.0584968659755098,0.9221528988078771,-0.8917597893592542,5.972990472646824,-1.5291630970765226,-4.231774260532555
14.680134057998657,-1.058495819328776,0.9221561134689141,-0.9251077630290585,5.962027781361727,-1.4840595225692106,-4.217707868859556
14.780046939849854,-1.0584945047182146,0.9221591789217722,-0.9537481147007993,5.952609689678971,-1.4440547831348718,-4.205200321168202
14.880056381225586,-1.0584929415569244,0.9221620749756011,-0.9784111950059292,5.944534059835827,-1.4084744540573173,-4.194051528239493
14.980211734771729,-1.0570092350013292,0.9242524875400911,-0.9995706016007706,5.937634219420415,-1.3767966819621305,-4.1841424735414625
15.080042600631714,-1.0528446585375244,0.9293474366136333,-1.017719085300494,5.931738017834254,-1.3486512273561566,-4.175300619469419
15.180030107498169,-1.0474579890985631,0.9348460246021776,-1.031840541344723,5.927199890367088,-1.323450778179069,-4.167324730523577
15.280190467834473,-1.0409346226830873,0.9402831545663859,-1.032189794587455,5.927073737565481,-1.3007149028003564,-4.1600391967439245
15.379956007003784,-1.0333210493523595,0.9455367429058852,-1.032177728784371,5.927079701296418,-1.2800063622514264,-4.153338016854758
15.480172634124756,-1.0249784445655767,0.9502587727396354,-1.0321661416353702,5.92708677250077,-1.260677435014802,-4.146996883769908
15.580116033554077,-1.0156936236023941,0.9545993666836652,-1.0321551495938794,5.927094889453556,-1.2425625781856309,-4.140958594977322
15.680039167404175,-1.0057480422332103,0.9584702683353161,-1.032144865817759,5.9271039760014785,-1.2255358172039357,-4.135189154577485
15.78032636642456,-0.9952229360793153,0.9618944942099965,-1.0321353967426719,5.927113943388072,-1.209487112620779,-4.1296626478811165
15.880187273025513,-0.9853095358807913,0.9646245554934416,-1.0321268391398002,5.927124692853714,-1.1943027106362119,-4.1243549915343785
15.980153322219849,-0.9737740555713453,0.967314430962916,-1.0321192778106314,5.927136118763818,-1.1799266517768476,-4.119263051406912
16.08009958267212,-0.9617315368483574,0.9696826953638947,-1.0321127838836808,5.927148112164588,-1.1664162944011165,-4.114374618303982
16.180038452148438,-0.9492461735018993,0.9717551970315039,-1.0321074138099489,5.9271605646453285,-1.153936483151501,-4.110514820316426
16.280189275741577,-0.9362423699728756,0.9735790647287776,-1.0321032093745686,5.927173372083028,-1.1415982427398421,-4.10729532130672
16.380067348480225,-0.9226572644690962,0.9751918695156704,-1.0321001989809648,5.927186437486865,-1.1294357409988678,-4.104625868225509
16.4801664352417,-0.9096580403694454,0.9764384919490673,-1.0320984000350937,5.927199672108214,-1.1175330366646057,-4.102423283935769
16.580200910568237,-0.9085275741263045,0.9764596541026506,-1.032097822122559,5.92721296701109,-1.1059177321627423,-4.1006113702116025
16.68010711669922,-0.9065702707586121,0.97628103338393,-1.0320984619130331,5.9272261412006175,-1.0947681218073972,-4.0991404138591845
16.78013825416565,-0.8931669860639896,0.9753103349852942,-1.03210031085898,5.927239255413819,-1.0843444954577213,-4.097976078089267
16.880117416381836,-0.8907349233075729,0.9749828244377798,-1.032103362037391,5.927252223553501,-1.0744620342981643,-4.097040983365061
16.980056047439575,-0.8770239199973532,0.9730810855921326,-1.0321076013507013,5.927264957434387,-1.0649319714894128,-4.096277163793287
17.08003306388855,-0.8761050427079592,0.9730171196068693,-1.0321130045116584,5.9272773595996195,-1.0558910191829685,-4.095664769216577
17.18012261390686,-0.8750403666834653,0.9725969760074314,-1.03211953423585,5.927289324046674,-1.0471905503152594,-4.095165047248008
17.280035495758057,-0.8623359243323835,0.9689682482374414,-1.032127138278084,5.927300738977696,-1.0390757136034012,-4.094769813775796
17.38008451461792,-0.8613524440748531,0.9687122860457923,-1.0321357488826401,5.927311490994223,-1.0313872277488605,-4.094452196936483
17.48098921775818,-0.860730597894685,0.9683284939826733,-1.0321452838667255,5.927321469900583,-1.0259998031205169,-4.094275618705022
17.58017325401306,-0.8483152234988454,0.9633342856400525,-1.0321556491746486,5.927330573237915,-1.0259856821508595,-4.094276047751647
17.680983781814575,-0.8471992109311379,0.962865700823442,-1.0301232283726818,5.925982568105366,-1.0231310204433708,-4.094236265576247
17.780325889587402,-0.8471963207884956,0.9628640567288292,-1.0247861314885753,5.9229475143764105,-1.0156891343500243,-4.094085423031818
17.88058352470398,-0.847193621013804,0.9628621819589931,-1.02079685457405,5.921123393039457,-1.0089080791661333,-4.093966290766443
17.98069739341736,-0.847209527558766,0.9626222631404797,-1.0181514395551212,5.92014342378931,-1.0024637862264807,-4.0938702415106265
18.08047842979431,-0.8389727007598167,0.9560062318906236,-1.013504161242414,5.91871417509796,-0.9963796738489181,-4.093793292628748
18.180572986602783,-0.829677299017121,0.9498694025348376,-1.0106938335416171,5.918028801400443,-0.9905673228646573,-4.093728575884087
18.28029179573059,-0.8196554952374672,0.9445030392996822,-1.0038370204896072,5.91649673404861,-0.9854571805705015,-4.093675070391565
18.380056858062744,-0.8191427812170475,0.9442209229829176,-0.9966520912097876,5.915114536436515,-0.979828967491372,-4.093615868624505
18.480220079421997,-0.8185227384605521,0.9435168222280483,-0.9894250749296698,5.913939114745882,-0.9741358612444,-4.093555993280656
18.58008623123169,-0.8085906668253912,0.9369609647815437,-0.9837799387555813,5.913215591192153,-0.9685759094571583,-4.093497526016391
18.68036413192749,-0.7981662404629748,0.9314010862228226,-0.9817264352835108,5.912983071903784,-0.9631129947097556,-4.093440086415282
18.780147790908813,-0.7873855702431555,0.9266462732055254,-0.9738959213445533,5.912214471126205,-0.9576104891958461,-4.093382237154582
18.880373239517212,-0.786908618111725,0.9264271230480026,-0.9665349408707319,5.911598924814451,-0.9520643928288296,-4.093323913400144
18.980088472366333,-0.7860317873433261,0.9256861741418314,-0.960577477120249,5.911208751456691,-0.946358720376185,-4.0932639682653535
19.080259084701538,-0.7750128900234808,0.9195000389423287,-0.9585382648960062,5.9110928829807765,-0.9407638777633519,-4.0932051645701275
19.18017578125,-0.7640357960120395,0.9144512520989759,-0.9507374121436455,5.910700309126831,-0.9353089337390567,-4.093147836730285
19.28028917312622,-0.7628790144614118,0.9139180514266586,-0.943390739564207,5.9103853561869135,-0.9297917833986169,-4.093089838046668
19.38023018836975,-0.7619986760165228,0.9131514368571658,-0.9374555032606967,5.910184344073624,-0.924092636988717,-4.093029959487345
19.480263710021973,-0.7513328342564242,0.9070959969004198,-0.9354306846930972,5.910144935274142,-0.9184788832011066,-4.092970998603068
19.580233573913574,-0.7402566716349441,0.9020863586031028,-0.9277189502890024,5.9099599314285705,-0.9130051272012394,-4.092913494535282
19.680087327957153,-0.7396421412016285,0.901797569788152,-0.9203484891357016,5.90980477282603,-0.9074616215489355,-4.092855261374622
19.780325412750244,-0.7388434557085579,0.9010266855202882,-0.9129697274901433,5.909673120451847,-0.901729106821801,-4.092795045819047
19.880198001861572,-0.7284923677675648,0.8950759294305978,-0.9059035029110352,5.909566244037356,-0.8960535447148524,-4.092735473577449
19.980245113372803,-0.7180007188090769,0.8901297652977885,-0.8990575611352619,5.909478466001001,-0.8904248312709266,-4.092676328321662
20.080276012420654,-0.7163444342627222,0.8890598582500056,-0.8920940630890046,5.9094044383858195,-0.8845585211437859,-4.0926147203489345
20.1801655292511,-0.7053175997166754,0.88369797881783,-0.8851043267369153,5.909331110955842,-0.8785087405724065,-4.092551205763185
20.280088663101196,-0.7049296981076789,0.8835035695875225,-0.878254916559986,5.90925935871255,-0.8725053860178216,-4.092488164977743
20.380327463150024,-0.7042618085602088,0.8828516516044802,-0.8713733842743776,5.9091872551704965,-0.8663536158438851,-4.092423591743033
20.480151653289795,-0.6941005403744945,0.8766386444182684,-0.8647361973022815,5.9091176910768315,-0.8603501950254382,-4.092360552524984
20.58034873008728,-0.6839974774004947,0.8715946760148778,-0.8582557887542087,5.909049767784412,-0.8544405262471652,-4.092298480579744
20.680243015289307,-0.6825624372999548,0.87059033373597,-0.8516443401894233,5.908980493014865,-0.8483353507945308,-4.092234388881581
20.78017497062683,-0.6717330337709968,0.8650697523317885,-0.8449812387947475,5.908910672823246,-0.8420999082408682,-4.0921689579897675
20.88021492958069,-0.6712941490369717,0.8648362634979475,-0.838387351311816,5.9088415611542455,-0.8358695949699649,-4.092103533697778
20.980061769485474,-0.6706455895402125,0.8641349626212358,-0.8317557060981656,5.9087720703246,-0.8295575074413681,-4.092037311730468
21.080279111862183,-0.6604859693344853,0.8576527741794026,-0.8253425221209291,5.908704872886868,-0.8234136456442026,-4.091972826527924
21.18023133277893,-0.6505715942007418,0.8525358870017232,-0.8190191641054608,5.9086385975302695,-0.8173298479657237,-4.091908955336394
21.280080795288086,-0.64918206117832,0.8515594162584766,-0.8125145631059757,5.908570421892823,-0.8110416374937458,-4.0918429712238025
21.380211353302002,-0.6384020566183748,0.8459634816626495,-0.8059587581667244,5.9085017264614175,-0.804665141582202,-4.091776095460233
21.4800865650177,-0.6380126467334172,0.8457502675502083,-0.7994265012043604,5.908433261496526,-0.7982830271304142,-4.0917091074735055
21.58018660545349,-0.6373808414501667,0.8450430113236858,-0.7928322116468928,5.908364163365214,-0.7918176304431412,-4.09164131212261
21.680097341537476,-0.6275729676318087,0.8386430582691997,-0.7864400874039285,5.9082971871025105,-0.7855243182681448,-4.091575287746304
21.780182361602783,-0.6177771187709391,0.8334626164978988,-0.7801215300804312,5.908230963527676,-0.779292003424482,-4.091509887027357
21.88023567199707,-0.6173952830017444,0.8332531917540024,-0.7736056326025573,5.908162671090733,-0.7728538158351814,-4.091442359132099
21.980243921279907,-0.6167591539059835,0.8325342666537818,-0.7670220126100523,5.9080936864077485,-0.7663237870463074,-4.09137390329273
22.080080032348633,-0.6068260538026374,0.8260064923167489,-0.7606302900234694,5.90802671457229,-0.759961748326491,-4.091307177525056
22.18026900291443,-0.5969843858279875,0.8208022503269069,-0.7542967683391911,5.907960334976197,-0.7536508555385407,-4.09124097199406
22.28021264076233,-0.5966036635564691,0.8205935702950062,-0.7477484694236758,5.9078917037621865,-0.7471215917501772,-4.0911725089059265
22.380197286605835,-0.595995057203358,0.8198846904420137,-0.7411136959195215,5.907822156950361,-0.7404933764304734,-4.0911030373585895
22.480061292648315,-0.5866434479596496,0.8138602295539514,-0.7346531234517074,5.907754440549534,-0.7340260823000035,-4.091035227626386
22.57999014854431,-0.5856816778505153,0.8129702830023032,-0.7282511549942993,5.907687362311973,-0.7276055527896945,-4.0909678921298145
22.680052280426025,-0.576274061377987,0.8069402214039206,-0.7217829937872535,5.9076195441153745,-0.7211076221036788,-4.090899799592135
22.7800452709198,-0.575303257128841,0.80601706605715,-0.7153154407196303,5.907551776994598,-0.7145994374531921,-4.090831554879436
22.880364656448364,-0.5676063621636489,0.8013140367303418,-0.7087792754215155,5.90748324454339,-0.7080122341461931,-4.090762536352863
22.980172634124756,-0.5638140969135301,0.7994193001240292,-0.702248513228709,5.9074148134047215,-0.7014201367230356,-4.090693421887557
23.08042073249817,-0.5539097850942035,0.795368247707371,-0.6956618938489221,5.907345750659397,-0.6947625740446324,-4.0906236758461265
23.180583953857422,-0.5537555678124298,0.795321697715039,-0.6890036094770681,5.907286038549462,-0.6880624423015137,-4.090553439245076
23.279988050460815,-0.5498592393596768,0.7945350829596859,-0.6822299841276073,5.907236096059848,-0.6812684087541396,-4.090482267613413
23.38022255897522,-0.5376290796251654,0.7924997773826266,-0.6756959019577998,5.907168555732203,-0.67463134676492,-4.090412749633538
23.480000019073486,-0.5371878073385523,0.7924757496830658,-0.6691343143407021,5.90710077435812,-0.6679620504738295,-4.09034284944629
23.580278635025024,-0.5336215896012529,0.7925220830602698,-0.6624698151760071,5.9070318985686745,-0.6611886879890407,-4.09027192113834
23.680110692977905,-0.520934575926165,0.7926616835673226,-0.6559568498088293,5.906964590908865,-0.6545564974256033,-4.090202442156474
23.780256986618042,-0.5187681151971485,0.7928762575971249,-0.6494604968401025,5.906897477845515,-0.647939350687386,-4.0901331048139635
23.88017249107361,-0.5049051740520523,0.7940623246063601,-0.6428877688360072,5.906829528689903,-0.6412490915362183,-4.09006305618327
23.980053663253784,-0.5040425974301671,0.7940881272476557,-0.6363187580742703,5.906761662135587,-0.6345629170524788,-4.089993005760312
24.080228567123413,-0.5028485170905278,0.7944653111869115,-0.6296972141700209,5.9066932217061945,-0.6278289426999032,-4.0899225142873625
24.180238723754883,-0.4891284390136703,0.7977748425253567,-0.6232352010928128,5.906626434809387,-0.6212422787966418,-4.0898535384920285
24.280170440673828,-0.4759965032221686,0.8003866896090714,-0.616834547561421,5.906560281085182,-0.6147175458338715,-4.089785217453259
24.38021755218506,-0.473734809530949,0.800880547548533,-0.610304218608875,5.9064927855285125,-0.6080834179949461,-4.089715757047937
24.48005247116089,-0.46052977868397893,0.8040731826829536,-0.6037475130077475,5.906425015678877,-0.6014303941257655,-4.089646104587261
24.58002805709839,-0.4585401317578861,0.8045305512282022,-0.5972287267447126,5.906357636805351,-0.5948173948141476,-4.0895768774030845
24.680020093917847,-0.4455606005544667,0.8083539959855806,-0.5906924479577368,5.906290075531114,-0.5881950116914463,-4.089507557739962
24.78005862236023,-0.44353322471135787,0.8089590823869345,-0.5842034630948743,5.906223002195945,-0.5816221012279821,-4.089438762113518
24.88003921508789,-0.431063534860028,0.8130730863052393,-0.5777073321773806,5.90615585346577,-0.5750228090792829,-4.089370534024694
24.980053663253784,-0.4294099534397794,0.813776925705796,-0.571264586375138,5.906089255688251,-0.5685230868956669,-4.089301521548036
25.080025911331177,-0.41703138990257654,0.8183819116626624,-0.5647961851335914,5.906022481556791,-0.5620338563656242,-4.089233374900159
25.18001914024353,-0.4046864801500161,0.8221593053077393,-0.5584298978736344,5.9059569545650445,-0.5556060177640644,-4.089165837456172
25.280038118362427,-0.40280895764114705,0.8228947092002674,-0.5519559970002761,5.905890316693803,-0.5490948318814397,-4.089097433142262
25.38003444671631,-0.3905717336339763,0.8270901540161657,-0.5454729923476755,5.905823582351055,-0.5425832540865364,-4.089029032419183
25.48039484024048,-0.3888769618107853,0.8278495303733173,-0.5390612679829965,5.9057575800301585,-0.5361427630875166,-4.088961385986394
25.580323696136475,-0.37665638404835433,0.8325210391312677,-0.5326553432872426,5.905691635309779,-0.529715913138677,-4.088893889602535
25.681100368499756,-0.3644185947866665,0.8363048013345656,-0.5263064656049851,5.9056262764588,-0.5233486175495782,-4.088827025472657
25.780231475830078,-0.36141518118772054,0.8374579535112092,-0.5205097621244359,5.905566635605812,-0.5175483532556411,-4.0887661215271995
25.880077838897705,-0.3491225376812395,0.8414902152724922,-0.5140140306481051,5.905499741910054,-0.5110567909777171,-4.0886979646470945
25.980071783065796,-0.3469766733563695,0.8424495477132891,-0.5075640224084772,5.905433362663714,-0.504616003463089,-4.088630347311906
26.080241680145264,-0.3353651338719033,0.8466385920940419,-0.5010633501684225,5.905366457526376,-0.4981272441258557,-4.08856223224791
26.180246114730835,-0.3333247440669227,0.847612966721933,-0.49465200375524315,5.905300456046417,-0.4917238125972906,-4.0884950191475715
26.280237436294556,-0.32084471326887415,0.852544217505236,-0.488193434096766,5.905233984797557,-0.48528740240188195,-4.0884274656160775
26.38008427619934,-0.3090979551805363,0.8563441729115727,-0.48182633409697956,5.905168439300077,-0.47893907040396605,-4.088360842613088
26.480244636535645,-0.30866664743750477,0.8564833074048191,-0.4753036190660151,5.90510129129268,-0.4724660326286559,-4.088292894044482
26.580217838287354,-0.3073449160800438,0.8573189618929753,-0.4687120785565571,5.905033451204045,-0.465945221902437,-4.088224494085253
26.68028473854065,-0.2959047344785817,0.862565923187159,-0.4623302868467214,5.904967773567188,-0.4596143976587308,-4.088158091994571
26.780271530151367,-0.2847854344147061,0.8667397595531592,-0.4560859355932087,5.904903492653643,-0.45341273317136566,-4.088093030056308
26.8801908493042,-0.28282578270838754,0.8677126431886254,-0.4497062747333721,5.904837818370141,-0.4471002328961032,-4.08802680906722
26.98007559776306,-0.2712109012612427,0.8723328791613927,-0.44326466249582175,5.904771522743358,-0.44073695885962644,-4.087960075949753
27.080453634262085,-0.26939495528803314,0.8733223211961573,-0.4369075646431719,5.904706081295665,-0.43445352100123064,-4.087894166712375
27.18018126487732,-0.257447645269553,0.8783975462113942,-0.4304829320437074,5.904639961018703,-0.4281138225767065,-4.087827687769656
27.28017568588257,-0.24592995647209936,0.8824448334278192,-0.42414813257151945,5.904574749628476,-0.42186013228000774,-4.087762097411893
27.38026452064514,-0.24549529863222883,0.8825658395488243,-0.41761673374089925,5.904507513917091,-0.41545348959860423,-4.087694906621013
27.480284929275513,-0.24434113584433803,0.8833321376383816,-0.41096616195822233,5.904439047677901,-0.40897023382944964,-4.087626932720793
27.58016848564148,-0.23306540050809985,0.8887162872307972,-0.4045732394411705,5.904373232963647,-0.40267646293670656,-4.087560949873395
27.68008017539978,-0.22193442805291347,0.8931276261581972,-0.39829509671470836,5.904308599311407,-0.3964917014123939,-4.08749609601095
27.780150175094604,-0.21998196424410332,0.8941353536681541,-0.3918437380655581,5.904242205489729,-0.3901669663258536,-4.087429778123321
27.88013505935669,-0.20839441120179747,0.8989155864055304,-0.38533745669550756,5.904175241724355,-0.38376808003131596,-4.087362703358447
27.98023819923401,-0.20652805109251124,0.899997589851543,-0.3789015636211124,5.904108986864415,-0.37743624750412513,-4.087296317829286
28.080116271972656,-0.19527360167583857,0.904751892613783,-0.3723971475993959,5.9040420430607075,-0.3710459467096311,-4.087229339584903
28.18010973930359,-0.19357413875609197,0.905728854786597,-0.36593136028556206,5.9039754808811695,-0.3646958275524863,-4.087162769259452
28.28016996383667,-0.1825306418369165,0.9107046703500264,-0.359421147937103,5.903908478003466,-0.3583090424400735,-4.087095834866449
28.380215167999268,-0.18087740754870324,0.9117357268215041,-0.35295326513791486,5.9038418947616,-0.35196608290807346,-4.087029346540514
28.480088710784912,-0.1694890853599454,0.9169952751819919,-0.3464434098374498,5.90377489599545,-0.3455895022041303,-4.086962526073962
28.580079317092896,-0.1678394844928842,0.9180506664783366,-0.33996649116326144,5.903708220258007,-0.3392486192801206,-4.0868960664643454
28.680119514465332,-0.15676484520252315,0.9233464814616092,-0.3334350052966475,5.90364099931306,-0.33286227077096125,-4.086829150652046
28.78022289276123,-0.15526351570252891,0.9243506216237041,-0.3269360898030458,5.9035740976700515,-0.3265115572359259,-4.0867625949714785
28.880069732666016,-0.14417778138429005,0.929825281089081,-0.32038689232624873,5.903506694945526,-0.32011938040557586,-4.086695625021464
28.98027276992798,-0.1437529861191898,0.9300430238089543,-0.3138696288393748,5.9034396049475895,-0.3137624685173468,-4.086629011328885
29.08015203475952,-0.14308333018905306,0.9307299331257378,-0.30729783868832916,5.9033719701755265,-0.3073595114709507,-4.0865619354729
29.18011498451233,-0.133278951824716,0.9367510459636944,-0.3009365443143954,5.903306505772526,-0.301159429292735,-4.086496990738516
29.28029227256775,-0.12327995195688593,0.9417675679396841,-0.29466647724237216,5.903241962010828,-0.2950534412838996,-4.086433016288522
29.380070447921753,-0.12189872837865467,0.9427562419437512,-0.2882230656617898,5.903175633360996,-0.28879448005161695,-4.0863674427996886
29.480010747909546,-0.11106846463708206,0.9482691865717952,-0.2817240774868834,5.903108749401669,-0.28248921837613117,-4.086301404638532
29.58006000518799,-0.10960314280461836,0.9492716213129925,-0.2752482744908028,5.903042088042814,-0.2762110228038108,-4.086235636495979
29.68006682395935,-0.09892638985183583,0.9548171293251073,-0.268700616563959,5.90297467999402,-0.2698692608416528,-4.08616924664078
29.7800874710083,-0.09748229723067478,0.9558870278704156,-0.2621667728542124,5.902907441259729,-0.2635459129516452,-4.086102986257863
29.880176544189453,-0.08647837602801442,0.9616361692125426,-0.25557819929524733,5.902839635241219,-0.25717598812577286,-4.086036287232061
29.980079650878906,-0.08598754419245208,0.9619039457914247,-0.2490000303546059,5.902771919810386,-0.25082159616417077,-4.0859697371109105
30.08023715019226,-0.0853287136326327,0.9626300551185438,-0.2423349910030559,5.902703303126441,-0.24438848545465203,-4.085902407240097
30.180031538009644,-0.07569108772513213,0.9689043056106523,-0.2358523595689129,5.902636566628673,-0.2381379535581995,-4.085836947824508
30.28018069267273,-0.06578952548015299,0.9741376252308973,-0.2294467936074483,5.9025706473718715,-0.23197125135903426,-4.085772349967234
30.38000226020813,-0.06534402423631722,0.974380447536675,-0.22285020854834448,5.902502740216504,-0.22562921365429825,-4.085705948490066
30.480324506759644,-0.0647146774016813,0.9750858853772618,-0.21616929628641016,5.902433951712273,-0.21921099827785995,-4.085638790859627
30.580021619796753,-0.05511545966583033,0.9813184295103977,-0.2096622872081643,5.9023669621766155,-0.2129703496625019,-4.085573454243634
